trap,rcs_good,rcs_bad,fid_good,fid_bad,focus,source,good_tr,bad_tr
81,1.0,0.6666666666666666,preserved,weakened,"Different from the IU X-Ray dataset, each caption in PEIR Gross contains only one sentence.","The Pathology Education Informational Resource (PEIR) digital libraryPEIR is ©University of Alabama at Birmingham, Department of Pathology. (http://peir.path.uab.edu/library/) is a public medical image library for medical education. We collected the images together with their descriptions in the Gross sub-collection, resulting in the PEIR Gross dataset that contains 7,442 image-caption pairs from 21 different sub-categories. Different from the IU X-Ray dataset, each caption in PEIR Gross contains only one sentence. We used this dataset to evaluate our model’s ability of generating single-sentence report.","病理学教育资源（PEIR）数字图书馆由阿拉巴马大学伯明翰分校病理学系版权所有（http://peir.path.uab.edu/library/），是一个用于医学教育的公共医学图像库。我们收集了“大体”子集合中的图像及其描述，构建了包含来自21个不同子类别的7,442个图像-标题对的PEIR Gross数据集。与IU X-Ray数据集不同，PEIR Gross中的每个标题仅包含一个句子。我们使用该数据集来评估我们的模型生成单句报告的能力。","病理学教育资源（PEIR）数字图书馆由阿拉巴马大学伯明翰分校病理学系版权所有（http://peir.path.uab.edu/library/），是一个用于医学教育的公共医学图像库。我们收集了“大体”子集合中的图像及其描述，构建了包含来自21个不同子类别的7,442个图像-标题对的PEIR Gross数据集。与PEIR Gross数据集不同，IU X-Ray数据集中的每个标题仅包含一个句子。我们使用该数据集来评估我们的模型生成单句报告的能力。"
82,0.6666666666666666,0.5,preserved,reversed,it has a strongly negative effect on the persistence of trophic networks,"Thébault and Fontaine consider a variant of the dynamics described by Eq. () that can describe both mutualistic and trophic interaction. The core difference between mutualistic and trophic interactions is the sign of the term that represents animal-plant interactions. They found that network structure has an opposite effect on the stability of mutualistic networks as compared to the stability of trophic networks. In particular, nestedness has a positive effect on the resilience of mutualistic networks, defined as the speed at which the community returns to equilibrium after a perturbation in the system. By contrast, it has a strongly negative effect on the persistence of trophic networks, defined as the proportion of existing species after equilibrium is reached.",Thébault 和 Fontaine 考虑了由方程 () 描述的动力学的一个变体，该变体能够同时描述互利共生和营养相互作用。互利共生相互作用与营养相互作用之间的核心区别在于代表动物-植物相互作用的项的符号。他们发现，网络结构对互利共生网络稳定性的影响与对营养网络稳定性的影响相反。具体而言，嵌套性对互利共生网络的恢复力具有积极影响，这里的恢复力定义为系统在受到扰动后群落返回平衡状态的速度。相比之下，嵌套性对营养网络的持久性具有强烈的负面影响，这里的持久性定义为达到平衡后现存物种的比例。,Thébault 和 Fontaine 考虑了由方程 () 描述的动力学的一个变体，该变体能够同时描述互利共生和营养相互作用。互利共生相互作用与营养相互作用之间的核心区别在于代表动物-植物相互作用的项的符号。他们发现，网络结构对互利共生网络稳定性的影响与对营养网络稳定性的影响相反。具体而言，嵌套性对互利共生网络的恢复力具有正向影响，其中恢复力定义为系统在受到扰动后群落返回平衡状态的速度。相比之下，嵌套性对营养网络的持久性具有强烈的正向影响，其中持久性定义为达到平衡后现存物种的比例。
83,0.8333333333333334,0.5,preserved,reversed,more nested networks are associated with larger feasibility domains,"Feasibility in systems with competition and mutualism [Section ]. In systems with both competition and mutualism, nestedness enhances the increase of biodiversity due to mutualism , and more nested networks are associated with larger feasibility domains, i.e., the network’s nodes can co-exist for a larger range of environmental conditions .",在具有竞争和互利关系的系统中的可行性[章节]。在同时存在竞争和互利关系的系统中，嵌套性增强了由互利关系引起的生物多样性增加，并且嵌套性更高的网络与更大的可行性域相关联，即网络的节点可以在更广泛的环境条件下共存。,在具有竞争和互利关系的系统中的可行性[章节]。在同时存在竞争和互利关系的系统中，嵌套性增强了由互利关系引起的生物多样性增加，并且嵌套性更高的网络与更小的可行性域相关联，即网络的节点可以在更广泛的环境条件下共存。
84,0.5,0.5,preserved,reversed,better than individual nestedness contributions,"Saavedra et al. found that both in ecological mutualistic networks and in economic manufacturer-contractor networks, individual contributions to nestedness are heterogeneously distributed, and some nodes give a significantly larger contribution than the others. Through simulations on mutualistic networks based on a model of mutualistic interactionsWe refer to for details. The model is essentially the same that has been applied in other works to uncover the impact of nestedness on systemic feasibility and dynamical stability – see Section ., they found that the strongest contributors to nestedness are also those whose extinction has the largest impact on network persistenceA recent study indicates that non-linear iterative algorithms perform better than individual nestedness contributions in identifying the most important and vulnerable network nodes under targeted attack. See Section for a detailed presentation.. The results of numerical simulations indicate that, ironically, the strongest contributors are also the most vulnerable nodes to extinction .",Saavedra等人发现，在生态互利网络和经济的制造商-承包商网络中，个体对嵌套性的贡献呈异质性分布，且某些节点的贡献显著大于其他节点。通过对基于互利相互作用模型的互利网络进行模拟（详见参考文献；该模型与用于揭示嵌套性对系统可行性和动态稳定性影响的其他研究中所应用的模型基本相同——见第节），他们发现，对嵌套性贡献最大的节点，其灭绝也对网络持久性产生最大影响（最近的一项研究表明，在识别受针对性攻击下最重要和最脆弱的网络节点方面，非线性迭代算法的表现优于个体嵌套性贡献指标。详见第节的详细阐述）。数值模拟结果表明，具有讽刺意味的是，贡献最大的节点也是对灭绝最脆弱的节点。,Saavedra等人发现，在生态互利网络和经济的制造商-承包商网络中，个体对嵌套性的贡献呈异质性分布，且某些节点的贡献显著大于其他节点。通过对基于互利相互作用模型的互利网络进行模拟（详见参考文献；该模型与以往用于揭示嵌套性对系统可行性和动态稳定性影响的研究中所应用的模型基本相同——见第节），他们发现，对嵌套性贡献最大的节点，其灭绝也对网络持久性产生最大影响（最近的一项研究表明，在识别受针对性攻击下最重要和最脆弱的网络节点方面，个体嵌套性贡献的表现优于非线性迭代算法。详见第节的详细阐述）。数值模拟结果表明，具有讽刺意味的是，贡献最大的节点也是对灭绝最脆弱的节点。
99,1.0,0.8333333333333334,preserved,reversed,less floating point operations than ResNet-152,"The fifth improvement made is the new CNN feature extractor named Darknet-53. It is a 53 layered CNN that uses skip connections network inspired from ResNet . It uses also and convolutional layers. It has shown the state of the art accuracy but with fewer floating point operations and better speed. For example, it has less floating point operations than ResNet-152 but the same performance at a double speed.",第五项改进是名为 Darknet-53 的新 CNN 特征提取器。它是一个 53 层的 CNN，采用受 ResNet 启发的跳跃连接网络。它还使用了卷积层。它展现了最先进的准确率，同时浮点运算次数更少、速度更快。例如，与 ResNet-152 相比，它的浮点运算次数更少，但在性能相同的情况下速度提高了一倍。,第五项改进是名为 Darknet-53 的新 CNN 特征提取器。它是一个 53 层的 CNN，采用受 ResNet 启发的跳跃连接网络。它还使用卷积层。它展现了最先进的准确率，同时浮点运算次数更少且速度更快。例如，它的浮点运算次数比 ResNet-152 更多，但以两倍的速度实现了相同的性能。
85,0.8333333333333334,0.6666666666666666,preserved,reversed,its yield is about five times smaller than that of,"The situation for electron and muon reconstruction is instead significantly different. At the -factories, the invariant mass peak reconstructed using different lepton flavours is similar, as shown in Fig. . In particular, the event yields are similar indicating that the efficiency to reconstruct the two final states is comparable. Due to the combined effect of reduced bremsstrahlung and of a performant recovery algorithm, the dilepton invariant mass distribution for the final state only exhibits a slightly wider peak and a small radiative tail compared to the final state. On the contrary, the invariant mass reconstructed by LHCb when the is identified via its decay to two muons or two electrons manifests striking differences, as displayed in Fig. . Despite the bremsstrahlung recovery procedure, the electron final state features a long radiative tail and its yield is about five times smaller than that of . The decay mode can also provide interesting information to compare the -factories and the LHCb experiment. The yield reported in Ref. can be scaled to the full integrated luminosity of the -factories, amounting to about events that are roughly evenly split between the electron and muon final states. While this number is similar to the yield () reported in Ref. by LHCb, the yield is more than seven times larger. These significant differences between final states with electron and muon led the LHCb collaboration to exploit double ratios to measure the and observables (see Sec. ).",电子和缪子重建的情况则显著不同。在B工厂中，使用不同轻子味重建的不变质量峰是相似的，如图..所示。特别是，事例产额相似，表明重建这两种末态的效率相当。由于轫致辐射减少和高效恢复算法的共同作用，与μμ末态相比，ee末态的双轻子不变质量分布仅表现出略宽的峰和较小的辐射尾巴。相反，当J/ψ通过衰变为两个缪子或两个电子被识别时，LHCb重建的不变质量表现出显著差异，如图..所示。尽管采用了轫致辐射恢复程序，电子末态仍具有较长的辐射尾巴，其产额比μμ末态小约五倍。J/ψ→e⁺e⁻衰变模式也为比较B工厂和LHCb实验提供了有趣的信息。参考文献[..]中报道的产额可以按比例放大到B工厂的全部积分亮度，总计约[..]个事例，这些事例在电子和缪子末态之间大致均匀分配。虽然这一数字与LHCb在参考文献[..]中报道的J/ψ→μ⁺μ⁻产额（[..]）相似，但J/ψ→e⁺e⁻的产额却大了七倍以上。电子和缪子末态之间的这些显著差异促使LHCb合作组利用双重比值来测量R_K和R_K*可观测量（见第..节）。,电子和缪子重建的情况则显著不同。在B工厂中，使用不同轻子味重建的不变质量峰是相似的，如图..所示。特别是，事例产额相似，表明重建这两种末态的效率相当。由于轫致辐射减少和高效恢复算法的共同作用，与μμ末态相比，ee末态的双轻子不变质量分布仅表现出略宽的峰和较小的辐射尾巴。相反，当通过衰变为两个缪子或两个电子来识别时，LHCb重建的不变质量表现出显著差异，如图..所示。尽管采用了轫致辐射恢复程序，电子末态仍具有较长的辐射尾巴，其产额约为μμ末态的五倍。该衰变模式还可以提供有趣的信息，用于比较B工厂和LHCb实验。参考文献[..]中报道的产额可以按比例放大到B工厂的全部积分亮度，总计约[..]个事例，这些事例在电子和缪子末态之间大致均匀分配。虽然这一数字与LHCb在参考文献[..]中报道的μμ产额（[..]）相似，但ee产额要大七倍以上。电子和缪子末态之间的这些显著差异促使LHCb合作组利用双重比值来测量[..]和[..]可观测量（见第[..]节）。
86,0.6666666666666666,0.16666666666666666,preserved,reversed,more than one order of magnitude less precise than the SM prediction,which is more than one order of magnitude less precise than the SM prediction :,其精度比标准模型预测低一个数量级以上：,这比标准模型的预测精确一个数量级以上：
87,1.0,1.0,preserved,reversed,larger interaction strength,"The overall contribution of nestedness, mutualistic interaction strength, and mutualistic trade-off to the fraction of surviving species. The larger such contribution (determined by Eq. ()), the larger the region of the intrinsic growth rate space which is compatible with the stable co-existence of species. The results on this empirical network (mutualistic interactions located in the grassland asclepiads in South Africa – results for different datasets are qualitatively similar) show that more stable structures tend to be associated with larger nestedness, larger interaction strength, and smaller mutualistic trade-off. The panels below show two-dimensional slices of the three-dimensional feature space above. Reprinted from .",嵌套性、互惠相互作用强度以及互惠权衡对存活物种比例的总体贡献。这种贡献越大（由公式()确定），与物种稳定共存相容的内禀增长率空间区域就越大。对该实证网络（位于南非草原马利筋属植物中的互惠相互作用——不同数据集的结果在定性上相似）的研究结果表明，更稳定的结构往往与更大的嵌套性、更大的相互作用强度以及更小的互惠权衡相关联。下方的面板展示了上述三维特征空间的二维切片。转载自。,嵌套性、互惠相互作用强度以及互惠权衡对存活物种比例的总体贡献。这种贡献越大（由公式()确定），与物种稳定共存相容的内禀增长率空间区域就越大。对该实证网络（位于南非草原马利筋属植物中的互惠相互作用——不同数据集的结果在定性上相似）的研究结果表明，更稳定的结构往往与更大的嵌套性、更小的相互作用强度以及更小的互惠权衡相关联。下方的面板展示了上述三维特征空间的二维切片。转载自。
88,0.8333333333333334,0.6666666666666666,preserved,reversed,the SPS predictions significantly outperform the IMF predictions,"A recent work by the World Bank systematically compared the predictions of the SPS based on country fitness with those by the International Monetary Fund (IMF). They found that, when one only considers countries that are in the predictable region of the fitness-GDPpc plane, the SPS predictions significantly outperform the IMF predictions. The performance of the SPS and IMF are comparable when one considers all the countries. With respect to the IMF growth model which builds upon many variables, the SPS method is very parsimonious, as it only involves one parameter: country fitness. In a subsequent work, Tacchella et al. found that proper data sanitation can substantially increase the volume of the predictable region; on the cleaned data, the predictions by the SPS method over a five-year time horizon outperform those by the IMF even when one considers both high- and low-fitness countries. Besides, the predictions by the SPS can be combined with those by the IMF to substantially improve the GDPpc forecasts. Myanmar, Cambodia, and India turned out to be the three countries whose GDPpc’s forecast benefited most from the combination of SPS and IMF results .",世界银行最近的一项工作系统地比较了基于国家适应度的SPS预测与国际货币基金组织（IMF）的预测。他们发现，当仅考虑位于适应度-人均GDP平面可预测区域的国家时，SPS预测显著优于IMF预测。当考虑所有国家时，SPS和IMF的表现相当。与建立在许多变量基础上的IMF增长模型相比，SPS方法非常简约，因为它只涉及一个参数：国家适应度。在随后的一项工作中，Tacchella等人发现，适当的数据清洗可以大幅增加可预测区域的体积；在清洗后的数据上，即使同时考虑高适应度和低适应度国家，SPS方法在五年时间范围内的预测也优于IMF的预测。此外，将SPS的预测与IMF的预测相结合，可以大幅改善人均GDP的预测。缅甸、柬埔寨和印度被证明是三个从SPS和IMF结果结合中受益最大的人均GDP预测国家。,世界银行最近的一项工作系统地比较了基于国家适应度的SPS预测与国际货币基金组织（IMF）的预测。他们发现，当仅考虑位于适应度-人均GDP平面可预测区域的国家时，IMF的预测显著优于SPS的预测。当考虑所有国家时，SPS和IMF的表现相当。与建立在许多变量基础上的IMF增长模型相比，SPS方法非常简约，因为它只涉及一个参数：国家适应度。在随后的一项工作中，Tacchella等人发现，适当的数据清洗可以大幅增加可预测区域的范围；在清洗后的数据上，即使同时考虑高适应度和低适应度的国家，SPS方法在五年时间范围内的预测也优于IMF的预测。此外，将SPS的预测与IMF的预测相结合，可以大幅改善人均GDP的预测结果。缅甸、柬埔寨和印度被证明是三个从SPS和IMF结果结合中受益最大的人均GDP预测国家。
89,0.8333333333333334,1.0,preserved,reversed,negative,"Fortuna et al. analyzed 95 ecological communities including plant–animal mutualistic networks and host–parasite networks. First, they found a significant correlation between nestedness and modularity for plant–pollinator networks () but not for plant–seed disperser () and host-parasite () networks. Importantly, by using two statistical null models, they found that the relation between nestedness and modularity strongly depends on network connectivity: at low (high) connectivity, the two properties tend to be positively (negatively) correlated – in other words, the correlation between the nestedness-modularity correlation and network connectance is negative (Fig. ).",Fortuna等人分析了95个生态群落，包括植物-动物互惠网络和宿主-寄生虫网络。首先，他们发现植物-传粉者网络的嵌套性与模块化之间存在显著相关性（），但植物-种子传播者网络（）和宿主-寄生虫网络（）中则不存在这种相关性。重要的是，通过使用两种统计零模型，他们发现嵌套性与模块化之间的关系强烈依赖于网络连接度：在低（高）连接度下，这两个属性倾向于呈正（负）相关——换句话说，嵌套性-模块化相关性与网络连接度之间的相关性为负（图）。,Fortuna等人分析了95个生态群落，包括植物–动物互惠网络和宿主–寄生虫网络。首先，他们发现植物–传粉者网络的嵌套性与模块性之间存在显著相关性（），但植物–种子传播者网络（）和宿主–寄生虫网络（）中则不存在这种相关性。重要的是，通过使用两种统计零模型，他们发现嵌套性与模块性之间的关系强烈依赖于网络的连通性：在低（高）连通性下，这两个属性倾向于呈正（负）相关——换句话说，嵌套性–模块性相关性与网络连通度之间的相关性为正（图）。
100,1.0,1.0,preserved,reversed,larger than or equal to,"A feasible equilibrium point is not necessarily globally stable, and a globally stable equilibrium point is not necessarily feasible. The existence of a unique globally stable equilibrium point is only guaranteed when the interaction matrix is positive-defined, i.e., when all its eigenvalues have a positive real part (see Section and ). Numerically, one finds that in the linearized version of the model with competition and mutualism (i.e., the model defined by Eq. () with handling times equal to zero), the real part of the largest eigenvalue of tends to decrease with the mean mutualistic interaction strength . Hence, the convergence to a unique globally stable equilibrium is guaranteed up to a critical value of the interaction strength; such point is numerically determined as the smallest value such that one of the eigenvalues of reaches zero . The larger , the stronger mutualistic interactions can be tolerated by the system without losing global stability, i.e., the more globally stable the system . Therefore, one can study the impact of a structural property on the global stability of the system by studying its relation with : a positive correlation would imply that that structural property favors the global stability of the systemIn this discussion, we have referred to the linearized version of the model (). The critical value for the non-linear dynamics is larger than or equal to the critical value for the linearized dynamics, which implies that the critical value determined with the linearized dynamics serves as an upper bound to the range of mutualism that allows for global stability. We refer to for all the details..",可行的平衡点未必是全局稳定的，而全局稳定的平衡点也未必是可行的。仅当相互作用矩阵为正定矩阵，即其所有特征值均具有正实部时，才能保证存在唯一的全局稳定平衡点（参见第节和）。在数值上，人们发现，在包含竞争和互利共生关系的模型的线性化版本中（即由方程()定义且处理时间为零的模型），的最大特征值的实部往往随着平均互利共生相互作用强度的增加而减小。因此，在相互作用强度达到某个临界值之前，收敛到唯一的全局稳定平衡点是得到保证的；该临界点在数值上被确定为使的某个特征值变为零的最小值。越大，系统在不丧失全局稳定性的前提下所能容忍的互利共生相互作用就越强，即系统的全局稳定性越高。因此，可以通过研究某一结构属性与之间的关系来考察该结构属性对系统全局稳定性的影响：正相关意味着该结构属性有利于系统的全局稳定性。在本讨论中，我们指的是模型的线性化版本()。非线性动力学的临界值大于或等于线性化动力学的临界值，这意味着通过线性化动力学确定的临界值构成了允许全局稳定性的互利共生范围的上界。所有细节请参阅。,可行的平衡点不一定是全局稳定的，而全局稳定的平衡点也不一定是可行的。只有当相互作用矩阵是正定的，即其所有特征值都具有正实部时（见第节和第节），才能保证存在唯一的全局稳定平衡点。在数值上，人们发现，在包含竞争和互利共生关系的模型的线性化版本中（即由方程()定义且处理时间为零的模型），的最大特征值的实部往往随着平均互利共生相互作用强度的增加而减小。因此，在相互作用强度达到一个临界值之前，收敛到唯一的全局稳定平衡点是得到保证的；该临界点在数值上被确定为使得的一个特征值变为零的最小值。越大，系统在不丧失全局稳定性的前提下所能容忍的互利共生相互作用就越强，也就是说，系统的全局稳定性越高。因此，可以通过研究某个结构属性与之间的关系来探讨该属性对系统全局稳定性的影响：正相关意味着该结构属性有利于系统的全局稳定性。在本讨论中，我们指的是模型()的线性化版本。非线性动力学的临界值小于或等于线性化动力学的临界值，这意味着通过线性化动力学确定的临界值构成了允许全局稳定性的互利共生范围的上限。所有细节请参阅。
90,1.0,0.5,preserved,reversed,nestedness has a positive effect on the resilience of mutualistic networks,"Thébault and Fontaine consider a variant of the dynamics described by Eq. () that can describe both mutualistic and trophic interaction. The core difference between mutualistic and trophic interactions is the sign of the term that represents animal-plant interactions. They found that network structure has an opposite effect on the stability of mutualistic networks as compared to the stability of trophic networks. In particular, nestedness has a positive effect on the resilience of mutualistic networks, defined as the speed at which the community returns to equilibrium after a perturbation in the system. By contrast, it has a strongly negative effect on the persistence of trophic networks, defined as the proportion of existing species after equilibrium is reached.",Thébault 和 Fontaine 考虑了由方程 () 描述的动力学的一个变体，该变体能够同时描述互利共生和营养相互作用。互利共生相互作用与营养相互作用之间的核心区别在于代表动物-植物相互作用的项的符号。他们发现，网络结构对互利共生网络稳定性的影响与对营养网络稳定性的影响相反。具体而言，嵌套性对互利共生网络的恢复力具有正向影响，其中恢复力定义为系统在受到扰动后群落返回平衡状态的速度。相比之下，嵌套性对营养网络的持久性具有强烈的负向影响，其中持久性定义为达到平衡后现存物种的比例。,Thébault 和 Fontaine 考虑了由方程 () 描述的动力学的一个变体，该变体能够同时描述互利共生和营养相互作用。互利共生相互作用与营养相互作用之间的核心差异在于代表动物-植物相互作用的项的符号。他们发现，与营养网络的稳定性相比，网络结构对互利共生网络的稳定性具有相反的影响。具体而言，嵌套性对互利共生网络的恢复力（定义为系统在受到扰动后群落返回平衡状态的速度）具有负面影响。相比之下，嵌套性对营养网络的持久性（定义为达到平衡后现存物种的比例）具有强烈的负面影响。
91,0.5,0.5,preserved,preserved,equal,"This obviously implies that the prior expectation of depends only on the ratio . It is greater than zero if and only if and smaller than zero if and only if . For a fixed ratio , the prior variance decreases with larger values of and . The uniform distribution on arises as a special case when . For financial datasets with not too many observations (i.e., ), the choice of the hyperparameters and can be quite influential on the shape of the posterior distribution of . In fact, when the underlying data-generating process is (near-)homoskedastic, the volatility of log-variance is (very close to) zero and thus the likelihood contains little to no information about . Consequently, the posterior distribution of is (almost) equal to its prior, no matter how many data points are observed. For some discussion about this issue, see, e.g., who choose and , implying a prior mean of with a prior standard deviation of and thus very little mass for nonpositive values of .",这显然意味着，的先验期望仅取决于比率。当且仅当时，它大于零；当且仅当时，它小于零。对于固定的比率，先验方差随着和的增大而减小。当时，上的均匀分布作为一个特例出现。对于观测值不多的金融数据集（即），超参数和的选择会对的后验分布形状产生相当显著的影响。事实上，当潜在的数据生成过程是（近）同方差时，对数方差的波动率（非常接近）零，因此似然函数包含关于的极少甚至没有信息。因此，无论观察到多少个数据点，的后验分布都（几乎）等于其先验分布。关于此问题的一些讨论，参见例如，他们选择和，这意味着先验均值为，先验标准差为，从而使得取非正值的概率质量非常小。,这显然意味着，的先验期望仅取决于比率。当且仅当时，它大于零；当且仅当时，它小于零。对于固定的比率，先验方差随着和的增大而减小。当时，上的均匀分布作为一个特例出现。对于观测值不多的金融数据集（即），超参数和的选择会对的后验分布形状产生相当显著的影响。事实上，当潜在的数据生成过程是（近）同方差时，对数方差的波动率（非常接近）零，因此似然函数包含关于的极少甚至没有信息。因此，无论观察到多少个数据点，的后验分布都（几乎）等于其先验分布。关于此问题的一些讨论，参见例如，他们选择 and ，这意味着先验均值为，先验标准差为，从而使得取非正值的概率质量非常小。
92,0.8333333333333334,1.0,preserved,preserved,hadronic uncertainties cancel to a large extent,"Theoretical predictions in the SM for and are extremely accurate as hadronic uncertainties cancel to a large extent. needs only for the suppressed part of the branching fraction. involves several helicity amplitudes with a large number of form factors, however, some of them are suppressed due to the – structure of the SM and the smallness of the lepton masses, leading to a good theoretical control of these quantities. Moreover, electromagnetic corrections have been estimated to be small and under control . Some SM predictions are listed in Tab. . Finite-width effects and the underlying -wave component of the system were also discussed, with no indications of significant contributions .",标准模型（SM）中对和的理论预言极为精确，因为强子不确定性在很大程度上相互抵消。仅需用于分支比的压低部分。涉及多个具有大量形状因子的螺旋度振幅，然而，由于标准模型的–结构以及轻子质量的微小性，其中一些振幅被压低，从而使得对这些量的理论控制良好。此外，电磁修正已被估计为很小且处于可控范围内。表列出了部分标准模型预言。有限宽度效应以及系统的底层-波分量也已被讨论，未显示出显著贡献的迹象。,标准模型（SM）中对 和 的理论预测极为精确，因为强子不确定性在很大程度上相互抵消。 仅需用于分支比的压低部分。 涉及多个具有大量形状因子的螺旋度振幅，然而，由于标准模型的 结构以及轻子质量的微小性，其中一些振幅被压低，从而使得对这些量的理论控制良好。此外，电磁修正已被估计为很小且处于可控范围内 。一些标准模型的预测列于表 中。有限宽度效应以及该系统的底层 -波分量也已被讨论，结果表明没有显著贡献的迹象 。
93,0.8333333333333334,0.5,preserved,reversed,more than five times larger than the combined yields at the -factories,"The PID performances for pions and kaons at the three experiments are similar, as well as the mass resolution for fully reconstructed final states to charged hadrons. The background contamination is also comparable for such decays, as can be concluded by examining, for example, the study of the decay carried out by the three collaborations. The BaBar and Belle experiments have similar performances, where the difference in yields is due to the different integrated luminosities analysed and a slightly more efficient selection for the Belle result. The yields obtained by the LHCb experiment on the Run1 dataset are more than five times larger than the combined yields at the -factories, with a lower level of combinatorial background and a similar / cross-feed. While the determination of the absolute scale of the experimental efficiencies is more challenging in the much busier environment of the LHC compared to the -factories, measurements of ratios of observables enable their full control and exploitation of the entire statistical power of these samples.",三个实验中对π介子和K介子的粒子鉴别（PID）性能相似，对完全重建的末态到带电强子的质量分辨率也相似。此类衰变的本底污染水平也相当，这可以通过考察例如三个合作组对该衰变的研究得出。BaBar和Belle实验的性能相近，其产额差异源于所分析的积分亮度不同，以及Belle结果的选择效率略高。LHCb实验在Run1数据集上获得的产额比B工厂的合计产额高出五倍以上，同时具有更低的组合本底水平和相似的串扰。尽管与B工厂相比，在LHC更为繁忙的环境中确定实验效率的绝对标度更具挑战性，但通过对可观测量比值的测量，可以实现对其的全面控制，并充分利用这些样本的全部统计能力。,三个实验中对π介子和K介子的粒子鉴别（PID）性能相似，对完全重建的末态到带电强子的质量分辨率也相似。此类衰变的本底污染程度也相当，这可以通过考察例如三个合作组对该衰变的研究得出。BaBar和Belle实验的性能相近，其产额差异源于所分析的积分亮度不同，以及Belle结果的选择效率略高。B工厂的组合产额比LHCb实验在Run1数据集上获得的产额大五倍以上，且具有更低水平的组合本底和相似的交叉馈送。尽管与B工厂相比，在繁忙得多的LHC环境中确定实验效率的绝对标度更具挑战性，但通过对可观测量比值的测量，可以实现对其的全面控制，并充分利用这些样本的全部统计能力。
94,1.0,1.0,weakened,weakened,planet mass and the gaseous gap width,"We try to find the relationship between the planet mass and the gap properties (such as the gap width and depth ), using the dust intensity profiles in Figure . Previous works such as studied the relationship between the planet mass and the gaseous gap width and depth. However, mm observations are probing dust with sizes up to mm/cm and these dust can drift in the gaseous disk. Thus, studying only the gaseous gap profiles is not sufficient for explaining mm observations and carrying out a similar study but directly for dust continuum maps is needed. We seek to first find a relationship between disk and planet properties (, , and ) using the fitting of the azimuthally averaged gas surface density profile, and characterize those three parameters using a single parameter (for the depth- relation) or (for the width-’ relation). Then, we fit the azimutally averaged dust intensity profile for our grid of models and find their depth- and width- relations. Overall, our fitting follows and but extend those relationships to dust particles with different sizes.",我们尝试利用图中的尘埃强度剖面，寻找行星质量与间隙特性（如间隙宽度和深度）之间的关系。先前的工作（例如）研究了行星质量与气体间隙宽度和深度之间的关系。然而，毫米波观测探测的是尺寸高达毫米/厘米级的尘埃，这些尘埃会在气体盘中发生漂移。因此，仅研究气体间隙剖面不足以解释毫米波观测结果，有必要开展一项类似的研究，但直接针对尘埃连续谱图进行。我们首先通过拟合方位角平均的气体面密度剖面，寻找盘和行星属性（、和）之间的关系，并使用单个参数（用于深度-关系）或（用于宽度-’关系）来表征这三个参数。然后，我们对模型网格中的方位角平均尘埃强度剖面进行拟合，并确定其深度-和宽度-关系。总体而言，我们的拟合遵循和的方法，但将这些关系扩展到了不同尺寸的尘埃颗粒。,我们尝试利用图中的尘埃强度剖面，寻找行星质量与间隙特性（如间隙宽度和深度）之间的关系。先前的工作（例如）研究了气体间隙宽度与行星质量之间的关系。然而，毫米波观测探测的是尺寸高达毫米/厘米级的尘埃，这些尘埃会在气体盘中发生漂移。因此，仅研究气体间隙剖面不足以解释毫米波观测结果，有必要开展一项类似的研究，但直接针对尘埃连续谱图进行。我们首先通过拟合方位角平均的气体面密度剖面，寻找盘性质与行星性质（、和）之间的关系，并使用单个参数（用于深度-关系）或（用于宽度-’关系）来表征这三个参数。然后，我们对模型网格中的方位角平均尘埃强度剖面进行拟合，并确定其深度-和宽度-关系。总体而言，我们的拟合遵循和的方法，但将这些关系扩展到了不同尺寸的尘埃颗粒。
95,0.8333333333333334,0.5,preserved,reversed,the fitness-complexity metric exhibits systematically larger extinction areas than all the other metrics,"In line with this expectation, Domínguez-García and Muñoz found that in mutualistic networks, the fitness-complexity metric exhibits systematically larger extinction areas than all the other metrics, including closeness centrality, eigenvector centrality, betweenness centrality, degree centrality inverse contributions to nestedness, Google’s PageRank – see Fig. for the main result, and Appendix for the definitions of the existing metrics. The fitness-complexity metric achieves a similar performance as a computationally expensive genetic algorithm specifically designed by the authors in order to find a ranking of the nodes that maximizes the extinction area. Domínguez-García and Muñoz concluded that the fitness-complexity algorithm should be used to construct rankings of species by importance in mutualistic networks.",与这一预期一致，Domínguez-García 和 Muñoz 发现，在互惠网络中，适应度-复杂度指标所表现出的灭绝面积系统地大于所有其他指标，包括接近中心性、特征向量中心性、介数中心性、度中心性、对嵌套性的逆贡献以及谷歌的 PageRank——主要结果见图，现有指标的定义见附录。适应度-复杂度指标的性能与一种计算成本高昂的遗传算法相当，该遗传算法由作者专门设计，旨在寻找能够最大化灭绝面积的节点排序。Domínguez-García 和 Muñoz 得出结论，在互惠网络中，应使用适应度-复杂度算法来构建按重要性排序的物种排名。,与这一预期一致，Domínguez-García 和 Muñoz 发现，在互惠网络中，适应度-复杂度指标所表现出的灭绝面积系统地小于所有其他指标，包括接近中心性、特征向量中心性、介数中心性、度中心性、对嵌套性的逆贡献以及谷歌的 PageRank——主要结果见图，现有指标的定义见附录。适应度-复杂度指标取得了与一种计算昂贵的遗传算法相似的性能，该遗传算法由作者专门设计，旨在寻找一种能够最大化灭绝面积的节点排序。Domínguez-García 和 Muñoz 得出结论，在互惠网络中，应使用适应度-复杂度算法来构建按重要性排序的物种排名。
96,1.0,1.0,weakened,weakened,the distance between two given species in the interaction network is significantly correlated with their distance in the phylogeny,"Beyond relative species abundance distribution, Rezende et al. aimed to detect the presence of aphylogenetic signal for plants and animals assemblages for 36 plant-pollinator and 23 plant-frugivore mutualistic networks. To detect phylogenetic signal, they compared the properties of the empirical networks with those numerically generated based on the structure of the species phylogenetic history . They found a fundamental difference between species degree (i.e., number of interactors per species) and species strength (i.e., number of recorded interactions): differently from species strength, species degree exhibits a strong phylogenetic signal . Besides, they found that the distance between two given species in the interaction network is significantly correlated with their distance in the phylogeny: for most communities, phylogenetically-similar species tend to play similar roles in the interaction network. In a different article, Rezende et al. found that phylogenetic effects can significantly contribute to nestedness. Overall, information on relative abundance and phenology can be sufficient to predict the level of nestedness of a network, yet it cannot predict the detailed network structure .",除了相对物种丰度分布之外，Rezende等人旨在检测36个植物-传粉者网络和23个植物-食果动物互惠网络中植物和动物群落是否存在系统发育信号。为了检测系统发育信号，他们将实证网络的属性与基于物种系统发育历史结构数值生成的网络的属性进行了比较。他们发现物种度（即每个物种的互作伙伴数量）与物种强度（即记录的互作次数）之间存在根本差异：与物种强度不同，物种度表现出强烈的系统发育信号。此外，他们发现相互作用网络中两个给定物种之间的距离与其在系统发育树上的距离显著相关：对于大多数群落而言，系统发育上相似的物种倾向于在相互作用网络中扮演相似的角色。在另一篇文章中，Rezende等人发现系统发育效应可以显著促进嵌套性。总体而言，关于相对丰度和物候的信息可能足以预测网络的嵌套性水平，但无法预测详细的网络结构。,除了相对物种丰度分布之外，Rezende等人旨在检测36个植物-传粉者网络和23个植物-食果动物互惠网络中植物和动物群落是否存在系统发育信号。为了检测系统发育信号，他们将实证网络的属性与基于物种系统发育历史结构数值生成的网络的属性进行了比较。他们发现物种度（即每个物种的相互作用者数量）与物种强度（即记录的相互作用数量）之间存在根本差异：与物种强度不同，物种度表现出强烈的系统发育信号。此外，他们发现相互作用网络中两个给定物种之间的距离与其在系统发育树上的距离显著相关：对于大多数群落而言，系统发育上相距较远的物种倾向于在相互作用网络中扮演相似的角色。在另一篇文章中，Rezende等人发现系统发育效应可以显著促进嵌套性。总体而言，关于相对丰度和物候的信息可能足以预测网络的嵌套性水平，但无法预测详细的网络结构。
97,0.6666666666666666,0.3333333333333333,preserved,reversed,larger than,"Next, we need to constrain the disk scale height and the disk parameter to break the degeneracy of in order to derive . For each major gap, if there is a shallower gap at 0.5-0.7, the shallower gap may be the secondary gap induced by the planet. The distance between the secondary gap and is very sensitive to (§ and Equation ). Thus, the presence of the secondary gap at the right radii not only makes the planet gap-opening scenario more plausible but also gives constraints on the disk scale height. If there is no secondary gap, we may need to use radiative transfer calculations or Equation to estimate the disk temperature. The existence of the secondary gap also implies that the disk viscosity parameter . Without the presence of the secondary gap, the parameter can then be constrained by the symmetry of the disk structures. If the rings/gaps are highly axisymmetric, is likely to be larger than .",接下来，我们需要约束盘标高和盘参数，以打破简并性，从而推导出。对于每个主间隙，如果在0.5-0.7处存在一个较浅的间隙，则该较浅的间隙可能是由行星诱导的次级间隙。次级间隙与之间的距离对（§和方程）非常敏感。因此，在正确半径处存在次级间隙不仅使行星开隙情景更加合理，而且还对盘标高给出了约束。如果不存在次级间隙，我们可能需要使用辐射转移计算或方程来估计盘温度。次级间隙的存在也意味着盘粘度参数。如果没有次级间隙，则可以通过盘结构的对称性来约束该参数。如果环/间隙高度轴对称，则可能大于。,接下来，我们需要约束盘标高和盘参数，以打破简并性，从而推导出。对于每个主间隙，如果在0.5-0.7处存在一个较浅的间隙，则该较浅的间隙可能是由行星诱导的次级间隙。次级间隙与之间的距离对（§和方程）非常敏感。因此，在正确半径处存在次级间隙不仅使行星开隙情景更加合理，而且还对盘标高给出了约束。如果不存在次级间隙，我们可能需要使用辐射转移计算或方程来估计盘温度。次级间隙的存在也意味着盘粘度参数。如果没有次级间隙，则可以通过盘结构的对称性来约束该参数。如果环/间隙高度轴对称，则可能小于。
98,0.6666666666666666,0.6666666666666666,preserved,reversed,2.6 lower than the SM expectation,"The and measurements performed by the LHCb collaboration are found to be 2.6 and 2.1–2.5 lower than the SM expectation (Fig. ), respectively . The BaBar and Belle measurements, which have a more limited precision, are found to be in agreement with the SM expectation. Significant deviations with respect to the SM predictions would indicate a violation of LU that cannot be due to hadronic effects, as these would impact in the same way and transitions. Such effects, however, are particularly relevant in regard to the deviations observed in alone, where there is an ongoing discussion concerning the size of hadronic effects (see Sec. ). It is sometimes stated that observables have always limited hadronic uncertainties, but this statement must be modulated. More specifically, the hadronic uncertainties remain small as long as there are no significant LU-violating effects. If these are present, interferences between LU-violating and conserving contributions may spoil the cancellation of hadronic uncertainties. These effects might come from NP or from lepton-mass effects in the SM. The latter are only important at low , wherever is not small compared to 1 (e.g. below ), and affect in particular the first measured bin in . In this bin one thus expects larger theoretical uncertainties than in the region above 1, as well as at any value of in the presence of LU-violating NP .",LHCb 合作组进行的 和 测量结果分别比标准模型（SM）预期低 2.6 和 2.1–2.5（见图 ）。BaBar 和 Belle 的测量精度较为有限，其结果与标准模型预期一致。相对于标准模型预测的显著偏离将表明存在轻子普适性（LU）破坏，而这种破坏不能归因于强子效应，因为强子效应对 和 跃迁的影响方式相同。然而，此类效应在仅针对 观察到的偏离方面尤为相关，目前关于强子效应的大小仍存在讨论（见第 节）。有时人们声称 可观测量始终具有有限的强子不确定性，但这一说法需要加以限定。具体而言，只要不存在显著的 LU 破坏效应，强子不确定性就保持较小。如果存在此类效应，LU 破坏贡献与守恒贡献之间的干涉可能会破坏强子不确定性的抵消。这些效应可能来自新物理（NP），也可能来自标准模型中的轻子质量效应。后者仅在低 区域重要，即在 与 1 相比不可忽略的情况下（例如低于 ），并且特别影响 中第一个测量区间。因此，在该区间中，理论不确定性预计高于 大于 1 的区域，以及在存在破坏 LU 的新物理时任何 值下的情况。,LHCb 合作组进行的 和 测量结果分别比标准模型（SM）预期高出 2.6 倍和 2.1–2.5 倍（见图 ）。BaBar 和 Belle 的测量精度较为有限，其结果与标准模型预期一致。相对于标准模型预测的显著偏差将表明存在轻子普适性（LU）破坏，且这种破坏不能归因于强子效应，因为强子效应会以相同的方式影响 和 跃迁。然而，此类效应在仅针对 所观察到的偏差方面尤为相关，目前关于强子效应的大小仍存在讨论（见第 节）。有时人们声称 可观测量始终具有有限的强子不确定性，但这一说法需要加以限定。更具体地说，只要不存在显著的 LU 破坏效应，强子不确定性就保持较小。如果存在此类效应，LU 破坏贡献与守恒贡献之间的干涉可能会破坏强子不确定性的抵消。这些效应可能来自新物理（NP），也可能来自标准模型中的轻子质量效应。后者仅在低 区域重要，即在 与 1 相比不可忽略的情况下（例如低于 ），并且特别影响 中第一个测量区间。因此，在该区间中，理论不确定性预计会高于 大于 1 的区域，以及在存在破坏 LU 的新物理时任何 值下的情况。
101,0.8333333333333334,0.8333333333333334,preserved,reversed,maximally unstable,"Local stability in mutualistic systems without interspecific competition [Section ]. For purely mutualistic systems (i.e., systems without interspecific competition), under the assumptions of the random-matrix theory approach , the maximal size for a nested network such that the system is locally stable is smaller compared to that for a bipartite, unstructured mutualistic network . Even more, when one considers interaction weights, perfectly nested structures (i.e., topologies with the largest spectral radius) are maximally unstable .",无种间竞争的互惠系统中的局部稳定性[章节]。对于纯互惠系统（即没有种间竞争的系统），在随机矩阵理论方法的假设下，嵌套网络使系统保持局部稳定的最大规模小于二分、无结构的互惠网络的相应规模。此外，当考虑相互作用权重时，完美嵌套结构（即具有最大谱半径的拓扑结构）表现出最大的不稳定性。,无种间竞争的互惠系统中的局部稳定性[章节]。对于纯互惠系统（即没有种间竞争的系统），在随机矩阵理论方法的假设下，嵌套网络使系统保持局部稳定的最大规模小于二分、无结构互惠网络的相应规模。此外，当考虑相互作用权重时，完美嵌套结构（即具有最大谱半径的拓扑结构）具有最大的稳定性。
102,0.8333333333333334,0.8333333333333334,preserved,reversed,substantially improve the GDPpc forecasts,"A recent work by the World Bank systematically compared the predictions of the SPS based on country fitness with those by the International Monetary Fund (IMF). They found that, when one only considers countries that are in the predictable region of the fitness-GDPpc plane, the SPS predictions significantly outperform the IMF predictions. The performance of the SPS and IMF are comparable when one considers all the countries. With respect to the IMF growth model which builds upon many variables, the SPS method is very parsimonious, as it only involves one parameter: country fitness. In a subsequent work, Tacchella et al. found that proper data sanitation can substantially increase the volume of the predictable region; on the cleaned data, the predictions by the SPS method over a five-year time horizon outperform those by the IMF even when one considers both high- and low-fitness countries. Besides, the predictions by the SPS can be combined with those by the IMF to substantially improve the GDPpc forecasts. Myanmar, Cambodia, and India turned out to be the three countries whose GDPpc’s forecast benefited most from the combination of SPS and IMF results .",世界银行的一项近期工作系统地比较了基于国家适应度的SPS预测与国际货币基金组织（IMF）的预测。他们发现，当仅考虑位于适应度-人均GDP平面可预测区域的国家时，SPS预测显著优于IMF预测。当考虑所有国家时，SPS和IMF的表现相当。与建立在众多变量基础上的IMF增长模型相比，SPS方法非常简约，因为它仅涉及一个参数：国家适应度。在后续工作中，Tacchella等人发现，适当的数据清洗可以大幅增加可预测区域的范围；在清洗后的数据上，即使同时考虑高适应度和低适应度国家，SPS方法在五年时间跨度内的预测也优于IMF的预测。此外，将SPS的预测与IMF的预测相结合，可以大幅改善人均GDP的预测结果。缅甸、柬埔寨和印度被证明是人均GDP预测从SPS和IMF结果结合中受益最大的三个国家。,世界银行最近的一项工作系统地比较了基于国家适应度的SPS预测与国际货币基金组织（IMF）的预测。他们发现，当仅考虑位于适应度-人均GDP平面可预测区域的国家时，SPS预测显著优于IMF预测。当考虑所有国家时，SPS和IMF的表现相当。与建立在许多变量基础上的IMF增长模型相比，SPS方法非常简约，因为它只涉及一个参数：国家适应度。在随后的一项工作中，Tacchella等人发现，适当的数据清洗可以大幅增加可预测区域的体积；在清洗后的数据上，即使同时考虑高适应度和低适应度国家，SPS方法在五年时间范围内的预测也优于IMF的预测。此外，SPS的预测可以与IMF的预测相结合，从而显著恶化人均GDP的预测结果。缅甸、柬埔寨和印度被证明是三个从SPS和IMF结果结合中使人均GDP预测受益最多的国家。
103,0.5,0.5,preserved,weakened,outperforming the state of the art mAP,"When introduced, YOLO outperforms other CNN architectures in term of speed, keeping or outperforming the state of the art mAP (mean Average Precision). Although it makes more localization errors but it is less likely to predict false positives. It outperforms state of the art methods in generalization.",YOLO 一经提出，便在速度方面优于其他 CNN 架构，同时保持或超越了最先进的 mAP（平均精度均值）。尽管它产生了更多的定位误差，但预测假阳性的可能性更低。它在泛化能力上优于最先进的方法。,YOLO 在速度方面优于其他 CNN 架构，同时保持或与最先进的 mAP（平均精度均值）相当或被其超越。尽管它产生了更多的定位误差，但预测假阳性的可能性更低。它在泛化能力上优于最先进的方法。
104,1.0,1.0,weakened,weakened,planet mass and the gap width,"We try to find the relationship between the planet mass and the gap properties (such as the gap width and depth ), using the dust intensity profiles in Figure . Previous works such as studied the relationship between the planet mass and the gaseous gap width and depth. However, mm observations are probing dust with sizes up to mm/cm and these dust can drift in the gaseous disk. Thus, studying only the gaseous gap profiles is not sufficient for explaining mm observations and carrying out a similar study but directly for dust continuum maps is needed. We seek to first find a relationship between disk and planet properties (, , and ) using the fitting of the azimuthally averaged gas surface density profile, and characterize those three parameters using a single parameter (for the depth- relation) or (for the width-’ relation). Then, we fit the azimutally averaged dust intensity profile for our grid of models and find their depth- and width- relations. Overall, our fitting follows and but extend those relationships to dust particles with different sizes.",我们尝试利用图中的尘埃强度剖面，寻找行星质量与间隙特性（如间隙宽度和深度）之间的关系。先前的工作（例如）研究了行星质量与气体间隙宽度和深度之间的关系。然而，毫米波观测探测的是尺寸高达毫米/厘米级的尘埃，而这些尘埃会在气体盘中发生漂移。因此，仅研究气体间隙剖面不足以解释毫米波观测结果，有必要开展一项类似的研究，但直接针对尘埃连续谱图进行。我们首先通过拟合方位角平均的气体面密度剖面，寻找盘性质与行星性质（、和）之间的关系，并使用单个参数（用于深度-关系）或（用于宽度-’关系）来表征这三个参数。然后，我们对模型网格中的方位角平均尘埃强度剖面进行拟合，并确定其深度-和宽度-关系。总体而言，我们的拟合遵循和的方法，但将这些关系扩展到了不同尺寸的尘埃颗粒。,我们尝试利用图中的尘埃强度剖面，寻找行星质量与间隙特性（如间隙宽度和深度）之间的关系。先前的工作（例如）研究了行星质量与气体间隙宽度和深度之间的关系。然而，毫米波观测探测的是尺寸高达毫米/厘米级的尘埃，这些尘埃会在气体盘中发生漂移。因此，仅研究气体间隙剖面不足以解释毫米波观测结果，有必要开展一项类似的研究，但直接针对尘埃连续谱图进行。我们首先通过拟合方位角平均的气体面密度剖面，寻找盘性质与行星性质（、和）之间的关系，并使用单个参数（用于深度-关系）或（用于宽度-’关系）来表征这三个参数。然后，我们对模型网格中的方位角平均尘埃强度剖面进行拟合，并确定其深度-和宽度-关系。总体而言，我们的拟合遵循和的方法，但将这些关系扩展到了不同尺寸的尘埃颗粒。
105,0.8333333333333334,1.0,preserved,preserved,phylogenetically-similar species tend to play similar roles in the interaction network,"Beyond relative species abundance distribution, Rezende et al. aimed to detect the presence of aphylogenetic signal for plants and animals assemblages for 36 plant-pollinator and 23 plant-frugivore mutualistic networks. To detect phylogenetic signal, they compared the properties of the empirical networks with those numerically generated based on the structure of the species phylogenetic history . They found a fundamental difference between species degree (i.e., number of interactors per species) and species strength (i.e., number of recorded interactions): differently from species strength, species degree exhibits a strong phylogenetic signal . Besides, they found that the distance between two given species in the interaction network is significantly correlated with their distance in the phylogeny: for most communities, phylogenetically-similar species tend to play similar roles in the interaction network. In a different article, Rezende et al. found that phylogenetic effects can significantly contribute to nestedness. Overall, information on relative abundance and phenology can be sufficient to predict the level of nestedness of a network, yet it cannot predict the detailed network structure .",除了相对物种丰度分布之外，Rezende等人旨在检测36个植物-传粉者网络和23个植物-食果动物互惠网络中植物和动物群落是否存在系统发育信号。为了检测系统发育信号，他们将实证网络的属性与基于物种系统发育历史结构数值生成的网络的属性进行了比较。他们发现物种度（即每个物种的互作伙伴数量）与物种强度（即记录的互作次数）之间存在根本差异：与物种强度不同，物种度表现出强烈的系统发育信号。此外，他们发现相互作用网络中两个给定物种之间的距离与其在系统发育树上的距离显著相关：对于大多数群落而言，系统发育上相似的物种倾向于在相互作用网络中扮演相似的角色。在另一篇文章中，Rezende等人发现系统发育效应可以显著促进嵌套性。总体而言，关于相对丰度和物候的信息可能足以预测网络的嵌套性水平，但无法预测详细的网络结构。,除了相对物种丰度分布之外，Rezende等人旨在检测36个植物-传粉者网络和23个植物-食果动物互惠网络中植物和动物群落是否存在系统发育信号。为了检测系统发育信号，他们将实证网络的属性与基于物种系统发育历史结构数值生成的网络的属性进行了比较。他们发现物种度（即每个物种的互作伙伴数量）与物种强度（即记录的互作次数）之间存在根本差异：与物种强度不同，物种度表现出强烈的系统发育信号。此外，他们发现相互作用网络中两个给定物种之间的距离与其在系统发育树上的距离显著相关：对于大多数群落而言，系统发育上不相似的物种倾向于在相互作用网络中扮演相似的角色。在另一篇文章中，Rezende等人发现系统发育效应可以显著促进嵌套性。总体而言，关于相对丰度和物候的信息可能足以预测网络的嵌套性水平，但无法预测详细的网络结构。
106,1.0,1.0,preserved,reversed,declines,"Results on the significance of nestedness in World Trade are intriguing. Using the maximum-entropy approach described in Section , Saracco et al. quantified the significance of the nestedness (as measured by NODF, see Section ) of the bipartite country-product export network (NBER dataset) over the period 1963-2000. The authors found that the -scores of the network’s NODF (determined numerically through the maximum-entropy framework described in Section ) are always smaller than two. They concluded that the degree sequence allows us to reproduce the nestedness of the World Trade bipartite network. An analysis of the World Trade over the period 1995–2010 (see Fig. ) shows again that network NODF is explained by the network degree sequence . Nevertheless, the row-contribution to NODF (see Section ) exhibits statistically significant values (-score above two) from 1995 to 2002. The -score declines from 1995 to 2002, lying on an almost constant plateau below over the period 2003-2010. Based on similar findings for other structural properties, Saracco et al. argued that the increasing randomness of the world trade network over the 2003-2007 period might be interpreted as an early sign of the 2007-2008 financial crisis.",关于世界贸易中嵌套性显著性的结果令人瞩目。Saracco等人利用第节中描述的最大熵方法，量化了1963年至2000年间双边国家-产品出口网络（NBER数据集）的嵌套性（以NODF衡量，见第节）的显著性。作者发现，该网络NODF的z分数（通过第节中描述的最大熵框架数值确定）始终小于2。他们得出结论认为，度序列使我们能够重现世界贸易双边网络的嵌套性。对1995年至2010年期间世界贸易的分析（见图）再次表明，网络NODF可由网络度序列解释。然而，从1995年到2002年，NODF的行贡献（见第节）表现出统计上显著的值（z分数高于2）。z分数从1995年到2002年下降，在2003-2010年期间处于一个几乎恒定的低于的平台期。基于对其他结构属性的类似发现，Saracco等人认为，2003-2007年期间世界贸易网络随机性的增加可能被解释为2007-2008年金融危机的早期信号。,关于世界贸易中嵌套性显著性的结果令人瞩目。Saracco等人利用第节中描述的最大熵方法，量化了1963年至2000年间双边国家-产品出口网络（NBER数据集）嵌套性（以NODF衡量，见第节）的显著性。作者发现，该网络NODF的z分数（通过第节中描述的最大熵框架数值确定）始终小于2。他们得出结论认为，度序列使我们能够重现世界贸易双边网络的嵌套性。对1995年至2010年期间世界贸易的分析（见图）再次表明，网络NODF可由网络度序列解释。然而，从1995年到2002年，NODF的行贡献（见第节）表现出统计上显著的值（z分数高于2）。z分数从1995年增加到2002年，在2003-2010年期间则处于一个几乎恒定的平台期，且低于。基于对其他结构性质的类似发现，Saracco等人认为，2003-2007年期间世界贸易网络随机性的增加可能被解释为2007-2008年金融危机的早期信号。
107,1.0,1.0,preserved,reversed,YOLOv3 outperforms Faster R-CNN,"The evaluation metrics show that both of the algorithms has high precision rate (99.66% for Faster R-CNN vs 99.73% for YOLOv3). This high value indicates that when they classify an object as car, it is very highly probable that this object is a car. So, the ability of the algorithms to detect true cars is very high. Percentage that the algorithms classify non-car objects as car is very rare (0.34% for Faster R-CNN versus 0.27% for YOLOv3). But when comparing the recall, we note that YOLOv3 outperforms clearly Faster R-CNN (79.40% for Faster R-CNN versus 99.07% YOLOv3). The recall measures the ability of the algorithm to detect all the instances of cars in the image. YOLOv3 is more capable to extract all the instances of cars in one image, Faster R-CNN misses some instances more than YOLOv3. This is due to the high number of FN (False Negatives) which is 150 for Faster R-CNN versus 2 for YOLOv3. Considering F1, which is a harmonic average of the precision and recall that gives a global idea about robustness of the algorithm (his ability to extract all the instances of cars and to not falsely extract non-car objects). We note here that YOLOv3 outperforms Faster R-CNN as it has higher recall. The quality measure is a similar metric to measure the robustness of the algorithm. This measures indicates similarly the robustness of YOLOv3 versus Faster R-CNN.",评估指标显示，两种算法均具有高精确率（Faster R-CNN 为 99.66%，YOLOv3 为 99.73%）。这一高值表明，当它们将某个对象分类为汽车时，该对象确实是汽车的概率非常高。因此，这些算法检测真实汽车的能力非常强。算法将非汽车对象错误分类为汽车的比例非常低（Faster R-CNN 为 0.34%，YOLOv3 为 0.27%）。然而，在比较召回率时，我们注意到 YOLOv3 明显优于 Faster R-CNN（Faster R-CNN 为 79.40%，YOLOv3 为 99.07%）。召回率衡量的是算法检测图像中所有汽车实例的能力。YOLOv3 更能提取单张图像中的所有汽车实例，而 Faster R-CNN 比 YOLOv3 遗漏了更多的实例。这是由于假阴性（FN）数量较高所致：Faster R-CNN 的 FN 数量为 150，而 YOLOv3 仅为 2。考虑到 F1 分数，它是精确率和召回率的调和平均值，能够全面反映算法的鲁棒性（即提取所有汽车实例且不错误提取非汽车对象的能力）。在此我们注意到，由于 YOLOv3 具有更高的召回率，其表现优于 Faster R-CNN。质量度量是另一种用于衡量算法鲁棒性的类似指标。该指标同样表明，与 Faster R-CNN 相比，YOLOv3 具有更强的鲁棒性。,评估指标显示，两种算法均具有高精确率（Faster R-CNN 为 99.66%，YOLOv3 为 99.73%）。这一高值表明，当它们将某个对象分类为汽车时，该对象确实是汽车的概率非常高。因此，这些算法检测真实汽车的能力非常强。算法将非汽车对象错误分类为汽车的比例非常低（Faster R-CNN 为 0.34%，YOLOv3 为 0.27%）。然而，在比较召回率时，我们注意到 Faster R-CNN 明显优于 YOLOv3（Faster R-CNN 为 79.40%，YOLOv3 为 99.07%）。召回率衡量的是算法检测图像中所有汽车实例的能力。YOLOv3 更能够从单张图像中提取所有汽车实例，而 Faster R-CNN 比 YOLOv3 遗漏了更多的实例。这是由于假阴性（FN）数量较高所致，Faster R-CNN 的 FN 数量为 150，而 YOLOv3 仅为 2。考虑到 F1 分数，它是精确率和召回率的调和平均值，提供了关于算法鲁棒性（即提取所有汽车实例且不错误提取非汽车对象的能力）的整体概念。在此我们注意到，由于 YOLOv3 具有更高的召回率，其表现优于 Faster R-CNN。质量度量是另一种用于衡量算法鲁棒性的类似指标。该指标同样表明了 YOLOv3 相较于 Faster R-CNN 的鲁棒性优势。
108,0.6666666666666666,0.3333333333333333,preserved,preserved,larger,"Allesina and Tang argued that in nested matrices, stability is undermined by the existence of generalists species that yield larger-than-average row-sum . Their numerical findings confirmed this intuition: nested bipartite matrices have larger eigenvalues than unstructured bipartite mutualistic matrices (see Fig. ). In the numeric example above (), the upper bound to the community size is given by : nested mutualistic matrices are less likely to be locally stable than unstructured mutualistic matrices .",Allesina和Tang指出，在嵌套矩阵中，泛化物种的存在会削弱稳定性，因为这些物种产生的行和大于平均值。他们的数值结果证实了这一直觉：嵌套二分矩阵的特征值大于无结构二分互惠矩阵的特征值（见图）。在上述数值示例（）中，群落规模的上限由以下因素决定：与无结构互惠矩阵相比，嵌套互惠矩阵更不太可能实现局部稳定。,Allesina和Tang指出，在嵌套矩阵中，泛化物种的存在会削弱稳定性，因为这些物种产生的行和大于平均值。他们的数值结果证实了这一直觉：非结构化二分矩阵的特征值大于嵌套二分互惠矩阵的特征值（见图）。在上述数值例子（）中，群落规模的上限由以下公式给出：与无结构互惠矩阵相比，嵌套互惠矩阵更不太可能实现局部稳定。
109,0.8333333333333334,0.8333333333333334,weakened,weakened,different from those by previous studies,"More recently, Borràs et al. used the maximum-entropy approach for bipartite networks (see Section ) to assess the relation between nestedness and degree sequence in mutualistic networks. Their conclusions are different from those by previous studies . Based on NODF and spectral radius, they found that among all the analyzed networks, only a tiny fraction of them exhibit -score larger than two. They concluded that in mutualistic networks, the “observed nested structure of the ecological communities studied is, in fact, a mere consequence of the degree sequences of the two guilds”. They interpreted this result as a consequence of the fact that for networks with highly-heterogeneous degree distribution, disassortative structures tend to have larger entropy than non-disassortative ones . This happens because a specialist has many more possibilities to be connected with a generalist than with another specialist. As nestedness and disassortativity are strongly related (see Section ), it follows that for a highly-heterogeneous degree distribution, maximizing entropy can lead to nested structures .",最近，Borràs 等人利用针对二分网络的最大熵方法（见第 节）来评估互惠网络中嵌套性与度序列之间的关系。他们的结论与先前研究的不同。基于 NODF 和谱半径，他们发现，在所有被分析的网络中，只有一小部分网络的 -score 大于二。他们得出结论认为，在互惠网络中，“所研究的生态群落的‘观测到的嵌套结构’实际上仅仅是两个功能群度序列的结果”。他们将这一结果解释为以下事实的后果：对于具有高度异质度分布的网络，非 assortative（非同类匹配）结构往往比非非 assortative 结构具有更大的熵。这是因为专性物种与泛化物种连接的可能性远多于与另一个专性物种连接的可能性。由于嵌套性与非 assortativity 密切相关（见第 节），因此可以推断，对于高度异质的度分布，最大化熵可能导致嵌套结构的产生。,最近，Borràs 等人利用适用于二分网络的最大熵方法（见第 节）来评估互惠网络中嵌套性与度序列之间的关系。他们的结论与先前研究的结果一致。基于 NODF 和谱半径，他们发现，在所有被分析的网络中，只有一小部分网络的 -score 大于二。他们得出结论认为，在互惠网络中，“所研究的生态群落的观测到的嵌套结构实际上仅仅是两个功能群度序列的后果”。他们将这一结果解释为以下事实的后果：对于具有高度异质度分布的网络，非 assortative（非同类匹配）结构往往比非非 assortative 结构具有更大的熵。这是因为专性物种与泛化物种连接的可能性远多于与另一个专性物种连接的可能性。由于嵌套性与非 assortativity 密切相关（见第 节），因此可以推断，对于高度异质的度分布，最大化熵可能导致嵌套结构的产生。
110,0.5,0.0,preserved,reversed,exponentially enhanced,"The second term in the l.h.s. is an exponentially small correction which is crucial to obtain the exact results (in fact, this correction can become exponentially enhanced when , leading to PT-symmetry breaking ). When this correction is neglected, we recover ().",左侧的第二项是一个指数级小的修正，对于获得精确结果至关重要（事实上，当 时，该修正可能被指数级增强，从而导致 PT 对称性破缺）。当忽略此修正时，我们恢复 ()。,左边的第二项是一个指数增强的修正，对于获得精确结果至关重要（事实上，当 时，该修正可能变得指数级小，从而导致 PT 对称性破缺）。当忽略此修正时，我们恢复 ()。
111,1.0,0.6666666666666666,preserved,reversed,YOLOv3 outperforms Faster R-CNN,"In this paper, we have made a comparison between the state of the art algorithms for object detection (Faster R-CNN and YOLOv3). We made an experimental comparison between them in car detection task from UAV images. We began by a theoretical description of both algorithms, citing the architectural design and the improvements that precedes the current design of them. Then, we made an experimental comparison using a labeled car dataset divided into a train dataset and a test dataset. This dataset is used to train both models and test their performance. The performance evaluation is performance metrics is made using five metrics: precision, recall, F1 score, quality and processing time. Based on the results obtained, we first found that both algorithms are comparable in precision, which mean that both of them have high capability to correctly classify car object in the image. But we found also that YOLO v3 outperforms Faster R-CNN in sensitivity which mean that YOLO V3 is more capable to extract all the cars in the image with 99.07% accuracy. Concerning the processing time for one image detection, we found also that YOLOv3 outperforms Faster R-CNN. This study serves as a guidance for traffic monitors that plan to use UAVs for traffic monitoring and demonstrates that YOLOv3 can be used for traffic monitoring in UAV imagery. Also, it serves for researchers that need to choose the best algorithm for object detection according to their needs.",本文对目标检测领域的最先进算法（Faster R-CNN 和 YOLOv3）进行了比较。我们在基于无人机图像的车辆检测任务中对这两种算法进行了实验比较。我们首先从理论上描述了这两种算法，引用了其架构设计以及促成当前设计的改进措施。随后，我们使用一个标注的车辆数据集进行了实验比较，该数据集被划分为训练集和测试集。该数据集用于训练两个模型并测试其性能。性能评估采用五个指标：精确率、召回率、F1 分数、质量和处理时间。根据所得结果，我们首先发现两种算法在精确率方面具有可比性，这意味着它们都具备在图像中正确分类车辆对象的高能力。但我们还发现，YOLOv3 在灵敏度方面优于 Faster R-CNN，这意味着 YOLOv3 能够以 99.07% 的准确率更有效地提取图像中的所有车辆。关于单张图像的检测处理时间，我们也发现 YOLOv3 优于 Faster R-CNN。本研究为计划使用无人机进行交通监控的交通监测人员提供了指导，并证明 YOLOv3 可用于无人机图像中的交通监控。此外，它也为需要根据自身需求选择最佳目标检测算法的研究人员提供了参考。,本文对目标检测领域的最先进算法（Faster R-CNN 和 YOLOv3）进行了比较。我们在基于无人机图像的车辆检测任务中对这两种算法进行了实验比较。我们首先从理论上描述了这两种算法，引用了其架构设计以及促成当前设计的先前改进。随后，我们使用一个标注的车辆数据集进行了实验比较，该数据集被划分为训练集和测试集。该数据集用于训练两个模型并测试其性能。性能评估采用五个指标：精确率、召回率、F1 分数、质量和处理时间。根据所得结果，我们首先发现两种算法在精确率方面具有可比性，这意味着两者都具备正确分类图像中车辆对象的高能力。但我们还发现，YOLOv3 在灵敏度方面优于 Faster R-CNN，这意味着 YOLOv3 能够以 99.07% 的准确率更有效地提取图像中的所有车辆。关于单张图像检测的处理时间，我们还发现 Faster R-CNN 优于 YOLOv3。本研究为计划使用无人机进行交通监控的交通监测人员提供了指导，并证明 YOLOv3 可用于无人机图像中的交通监控。此外，本研究也为需要根据自身需求选择最佳目标检测算法的研究人员提供了参考。
112,0.6666666666666666,0.6666666666666666,preserved,reversed,more fragile against the removal strategy,"Burgos et al. moved one step forward by using the self-organizing network model (SNM, see Section and ) to gauge the impact of nestedness on systemic robustness. As we have seen in Section , the SNM allows us to gradually move from a completely random topology to a perfectly nested topology. The authors found that more nested structures are both more robust against the removal strategy, and more fragile against the removal strategy. This is intuitive: in a large perfectly nested structure, if we lose the most specialist species , no other species will become extinct as was only connected with the most generalist species. By contrast, if we lose the most generalist species, the most specialist species are likely to become extinct as they were only connected with the most generalist species. Burgos et al. noticed that if we accept that the only systems that we can observe in nature are those with a higher level of robustness, the omnipresence of nested structure in mutualistic networks might be a manifestation of the more vulnerable position of specialist species.",Burgos等人通过使用自组织网络模型（SNM，见第节和第节）向前迈进了一步，以评估嵌套性对系统鲁棒性的影响。正如我们在第节中所见，SNM允许我们从完全随机的拓扑结构逐渐过渡到完美嵌套的拓扑结构。作者发现，嵌套程度更高的结构在面对移除策略时既更具鲁棒性，又更为脆弱。这一直观上是可以理解的：在一个大型的完美嵌套结构中，如果我们失去最特化的物种，不会有其他物种灭绝，因为该物种仅与最泛化的物种相连。相比之下，如果我们失去最泛化的物种，最特化的物种很可能会灭绝，因为它们仅与最泛化的物种相连。Burgos等人指出，如果我们接受在自然界中我们只能观察到具有较高鲁棒性水平的系统这一观点，那么互惠网络中嵌套结构的普遍存在可能是特化物种处于更脆弱地位的一种表现。,Burgos等人通过使用自组织网络模型（SNM，参见第节和第节）向前迈进了一步，以评估嵌套性对系统鲁棒性的影响。正如我们在第节中所见，SNM允许我们从完全随机的拓扑结构逐渐过渡到完美嵌套的拓扑结构。作者发现，嵌套程度更高的结构既对移除策略具有更强的鲁棒性，又对移除策略表现出更低的脆弱性。这一直观上是可以理解的：在一个大型的完美嵌套结构中，如果我们失去最特化的物种，不会有其他物种灭绝，因为该特化物种仅与最泛化的物种相连。相比之下，如果我们失去最泛化的物种，最特化的物种很可能会灭绝，因为它们仅与最泛化的物种相连。Burgos等人指出，如果我们接受在自然界中我们只能观察到那些具有较高鲁棒性水平的系统这一观点，那么互利共生网络中嵌套结构的普遍存在可能是特化物种处于更脆弱地位的一种表现。
113,1.0,0.6666666666666666,weakened,weakened,compare different approaches to the calculation of the energy levels of this oscillator,"and the Voros spectrum can be easily translated into the usual spectrum. In Table we compare different approaches to the calculation of the energy levels of this oscillator. We have chosen to facilitate the comparison with results in the literature Note however that the some of the numerical results for the excited energy levels of () presented in Table 1 of are slightly off.. The first column is a numerical calculation of the energy levels, by combining standard Rayleigh–Ritz techniques with complex dilatation. The second column uses the EQC () and the TBA calculation of the quantum periods. The third column is obtained by using the all-orders WKB perturbative quantization condition (), and the TBA calculation of . The final column gives the result of the Bohr–Sommerfeld quantization condition, which approximates the l.h.s. of () by the classical period.",并且，Voros 谱可以很容易地转换为通常的谱。在表中，我们比较了计算该振子能级的不同方法。为了便于与文献中的结果进行比较，我们做出了相应选择。然而需要注意的是，文献中表 1 给出的某些激发态能级的数值结果略有偏差。第一列是通过将标准的瑞利-里兹（Rayleigh–Ritz）方法与复伸缩技术相结合而得到的能级数值计算结果。第二列使用了 EQC () 以及量子周期的 TBA 计算结果。第三列是通过使用全阶 WKB 微扰量子化条件 () 以及 的 TBA 计算结果得到的。最后一列给出了玻尔-索末菲（Bohr–Sommerfeld）量子化条件的结果，该条件用经典周期近似了 () 式的左边。,并且Voros谱可以很容易地转换为通常的谱。在表中，我们比较了计算该振子能级的不同方法。为了便于与文献中的结果进行比较，我们选择了这些方法。然而需要注意的是，文献中表1给出的某些激发态能级的数值结果略有偏差。第一列是通过将标准的Rayleigh–Ritz方法与复数伸缩相结合得到的能级数值计算结果。第二列使用了EQC（）以及量子周期的TBA计算。第三列是通过使用全阶WKB微扰量子化条件（）以及 的TBA计算得到的。最后一列给出了Bohr–Sommerfeld量子化条件的结果，该条件用（）的左边近似经典周期。
114,0.5,0.3333333333333333,preserved,reversed,gaps in cases are shallower but wider than the cases,"2) With the same planet mass, gaps in cases are shallower but wider than the cases. This is consistent with previous studies .",2) 在行星质量相同的情况下，情形中的间隙比情形更浅但更宽。这与先前的研究一致。,2) 在行星质量相同的情况下，情形中的间隙比情形中的间隙更深但更宽。这与先前的研究一致。
115,0.3333333333333333,0.16666666666666666,preserved,reversed,lower than,"An example of such a computation, for , is shown in Table . Although the precision obtained for the quartic potential is lower than for the cubic potential discussed in the previous section, the discrepancies are at worst of (for the ground state).",表 展示了此类计算的一个示例。尽管四次势所获得的精度低于上一节讨论的三次势，但差异最大仅为（针对基态）。,表 展示了此类计算的一个示例，针对 。尽管四次势所获得的精度高于上一节讨论的三次势，但差异最大仅为（针对基态）。
116,0.8333333333333334,0.5,preserved,reversed,better than those of the BaBar and Belle experiments,"Since 2018 a new experiment, Belle-II, operating at the CM energy at SuperKEKB (Japan), is being commissioned (see for example Ref. ). Data taking with a complete detector should start in 2019, with the goal to collect an integrated luminosity of about 50 by 2025. The detector performances are expected to be better than those of the BaBar and Belle experiments, most notably for the impact parameter and secondary vertex resolutions, reconstruction efficiency and PID.",自2018年以来，在日本SuperKEKB对撞机上以质心能量运行的新实验Belle-II正在调试中（例如参见参考文献）。使用完整探测器进行数据采集的工作应于2019年开始，目标是到2025年收集约50 ab⁻¹的积分亮度。预计该探测器的性能将优于BaBar和Belle实验，尤其是在冲击参数分辨率、次级顶点分辨率、重建效率以及粒子鉴别（PID）方面。,自2018年以来，在日本SuperKEKB对撞机上以质心能量运行的新实验Belle-II正在调试中（例如参见参考文献）。使用完整探测器进行数据采集的工作应于2019年开始，目标是到2025年收集约50 ab⁻¹的积分亮度。预计该探测器的性能将差于BaBar和Belle实验，尤其是在冲击参数分辨率、次级顶点分辨率、重建效率以及粒子鉴别（PID）方面。
117,0.6666666666666666,0.3333333333333333,preserved,preserved,disappearances significantly better than appearances,"To test this hypothesis, Bustos et al. compared, for each pair of years, the ability of their model to predict the appearance and disappearance of links Bustos et al. defined an appearance of a link as an increase in exports per capita from less than 5% of the world average, for five consecutive years, to more than 25%, for at least five years. They defined the disappearance of a link as the decrease in exports per capita of a country from 25% or more than the world average to 5% or less, for at least five years.. The model produces an Area Under the Curve (AUC)The AUC is one of the most used metrics to benchmark prediction accuracy. We refer to for its definition. substantially larger than 0.5 for both appearances and disappearances, which implies better predictability than random predictions. Interestingly, it predicts disappearances significantly better than appearances (average AUC equal to against , see Fig. 3c in ). Besides, they studied the structural position of appearances and disappearances in the adjacency matrix. In particular, they measured their distance from the diversification-ubiquity line, which denotes the shape of a perfectly nested matrix with the same number of edges as the matrix in exam. They found that the observed appearances tend to lie significantly closer to the diversification-ubiquity line than expected by chance, whereas observed disappearances tend to lie outside of the perfectly nested shape (see Fig. ). The nested structure of the network is therefore highly informative on future changes in the system.",为了检验这一假设，Bustos等人针对每一年份对，比较了其模型预测链接出现和消失的能力。Bustos等人将链接的出现定义为人均出口额从连续五年低于世界平均水平的5%增加到至少五年高于世界平均水平的25%。他们将链接的消失定义为一个国家的人均出口额从世界平均水平的25%或更高下降到5%或更低，并持续至少五年。该模型生成的曲线下面积（AUC）——AUC是基准预测准确度最常用的指标之一，其定义参见文献——对于链接的出现和消失均显著大于0.5，这意味着其可预测性优于随机预测。有趣的是，该模型对链接消失的预测显著优于对链接出现的预测（平均AUC分别为 和 ，参见 中的图3c）。此外，他们还研究了链接出现和消失在邻接矩阵中的结构位置。特别是，他们测量了它们与多样化-普遍性线的距离，该线表示具有与被考察矩阵相同边数的完美嵌套矩阵的形状。他们发现，观测到的链接出现倾向于比随机预期更显著地靠近多样化-普遍性线，而观测到的链接消失则倾向于位于完美嵌套形状之外（参见图 ）。因此，网络的嵌套结构对于系统未来的变化具有高度的信息价值。,为了检验这一假设，Bustos 等人针对每一年份对，比较了其模型预测链接出现和消失的能力。Bustos 等人将链接的出现定义为人均出口额从连续五年低于世界平均水平的 5% 增加到至少五年高于世界平均水平的 25%。他们将链接的消失定义为一个国家的人均出口额从世界平均水平的 25% 或更高下降到 5% 或更低，并持续至少五年。该模型生成的曲线下面积（AUC）——AUC 是基准测试预测准确度最常用的指标之一，其定义参见文献——对于出现和消失两种情况均显著大于 0.5，这意味着其可预测性优于随机预测。有趣的是，该模型对出现的预测显著优于对消失的预测（平均 AUC 分别为 和 ，参见文献中的图 3c）。此外，他们还研究了出现和消失在邻接矩阵中的结构位置。具体而言，他们测量了它们与多样化—普遍性线的距离，该线表示具有与待考察矩阵相同边数的完美嵌套矩阵的形状。他们发现，观测到的出现倾向于比随机预期更显著地靠近多样化—普遍性线，而观测到的消失则倾向于位于完美嵌套形状之外（参见图 ）。因此，网络的嵌套结构对于系统未来的变化具有高度的信息价值。
118,1.0,1.0,preserved,weakened,below,"Results on the significance of nestedness in World Trade are intriguing. Using the maximum-entropy approach described in Section , Saracco et al. quantified the significance of the nestedness (as measured by NODF, see Section ) of the bipartite country-product export network (NBER dataset) over the period 1963-2000. The authors found that the -scores of the network’s NODF (determined numerically through the maximum-entropy framework described in Section ) are always smaller than two. They concluded that the degree sequence allows us to reproduce the nestedness of the World Trade bipartite network. An analysis of the World Trade over the period 1995–2010 (see Fig. ) shows again that network NODF is explained by the network degree sequence . Nevertheless, the row-contribution to NODF (see Section ) exhibits statistically significant values (-score above two) from 1995 to 2002. The -score declines from 1995 to 2002, lying on an almost constant plateau below over the period 2003-2010. Based on similar findings for other structural properties, Saracco et al. argued that the increasing randomness of the world trade network over the 2003-2007 period might be interpreted as an early sign of the 2007-2008 financial crisis.",关于世界贸易中嵌套性显著性的结果令人瞩目。Saracco等人利用第节中描述的最大熵方法，量化了1963年至2000年间双边国家-产品出口网络（NBER数据集）的嵌套性（以NODF衡量，见第节）的显著性。作者发现，该网络NODF的z分数（通过第节中描述的最大熵框架数值确定）始终小于2。他们得出结论认为，度序列使我们能够重现世界贸易双边网络的嵌套性。对1995年至2010年期间世界贸易的分析（见图）再次表明，网络NODF可由网络度序列解释。然而，从1995年到2002年，对NODF的行贡献（见第节）表现出统计上显著的值（z分数高于2）。z分数从1995年到2002年下降，在2003-2010年期间处于一个几乎恒定的平台期，且低于。基于对其他结构性质的类似发现，Saracco等人认为，2003-2007年期间世界贸易网络随机性的增加可能被解释为2007-2008年金融危机的早期信号。,关于世界贸易中嵌套性显著性的结果令人着迷。Saracco等人利用第节中描述的最大熵方法，量化了1963-2000年间双边国家-产品出口网络（NBER数据集）的嵌套性（由NODF衡量，见第节）的显著性。作者发现，该网络NODF的z分数（通过第节中描述的最大熵框架数值确定）始终小于2。他们得出结论认为，度序列使我们能够重现世界贸易双边网络的嵌套性。对1995–2010年期间世界贸易的分析（见图）再次表明，网络NODF可由网络度序列解释。然而，从1995年到2002年，NODF的行贡献（见第节）表现出统计上显著的值（z分数高于2）。z分数从1995年到2002年下降，在2003-2010年期间处于一个几乎恒定的低于的平台期。基于对其他结构性质的类似发现，Saracco等人认为，2003-2007年期间世界贸易网络随机性的增加可能被解释为2007-2008年金融危机的早期信号。
119,0.6666666666666666,0.6666666666666666,preserved,preserved,surpasses competitors,"Ammour et al. used two-stage method for the car detection problem. The first phase is the candidate region extraction stage and uses mean-shift algorithm to segment the image. The second phase is the car detection stage that uses the VGG16 [15] model to extract region feature, followed by a Support Vector Machine (SVM) classifier that uses this feature to classify it if it is car or non-car. Although the contribution surpasses competitors in terms of accuracy but it is still time-consuming and could not be used for real time applications. Indeed, the algorithm takes around 12 minutes to process 3456*5184 image. This is due to the different stages that the model uses (mean-shift segmentation, VGG16 feature extraction, SVM classification). The main computation load is resulted from the mean-shift segmentation, which is their core contribution for object localization. It is comparable to the R-CNN approach where the algorithm suggested for the object localization is the region proposal algorithm and both suffer from the computation load due to the object localization problem. We will show in the next section how this problem is solved by Faster R-CNN and YOLOv3.",Ammour 等人采用两阶段方法解决汽车检测问题。第一阶段是候选区域提取阶段，使用均值漂移算法对图像进行分割。第二阶段是汽车检测阶段，使用 VGG16 [15] 模型提取区域特征，随后通过支持向量机（SVM）分类器利用该特征将区域分类为汽车或非汽车。尽管该方法在准确率方面优于竞争对手，但它仍然耗时，无法用于实时应用。事实上，该算法处理一幅 3456*5184 的图像需要大约 12 分钟。这是由于模型使用了不同的阶段（均值漂移分割、VGG16 特征提取、SVM 分类）。主要的计算负载来源于均值漂移分割，这是他们在目标定位方面的核心贡献。这与 R-CNN 方法相当，在 R-CNN 中，建议用于目标定位的是区域提议算法，两者都因目标定位问题而承受计算负载。我们将在下一节展示 Faster R-CNN 和 YOLOv3 如何解决这一问题。,Ammour等人采用两阶段方法解决汽车检测问题。第一阶段是候选区域提取阶段，使用均值漂移算法对图像进行分割。第二阶段是汽车检测阶段，使用VGG16 [15] 模型提取区域特征，随后通过支持向量机（SVM）分类器利用该特征将区域分类为汽车或非汽车。尽管其他竞争方法在准确率方面优于该方法，但它仍然耗时，无法用于实时应用。事实上，该算法处理一幅3456*5184的图像大约需要12分钟。这是由于模型使用了不同的阶段（均值漂移分割、VGG16特征提取、SVM分类）。主要的计算负载来自均值漂移分割，这是他们用于目标定位的核心贡献。这与R-CNN方法相当，在R-CNN中，建议用于目标定位的是区域提议算法，两者都因目标定位问题而承受计算负载。我们将在下一节展示Faster R-CNN和YOLOv3如何解决这一问题。
120,1.0,1.0,weakened,weakened,planet mass and the gaseous gap depth,"We try to find the relationship between the planet mass and the gap properties (such as the gap width and depth ), using the dust intensity profiles in Figure . Previous works such as studied the relationship between the planet mass and the gaseous gap width and depth. However, mm observations are probing dust with sizes up to mm/cm and these dust can drift in the gaseous disk. Thus, studying only the gaseous gap profiles is not sufficient for explaining mm observations and carrying out a similar study but directly for dust continuum maps is needed. We seek to first find a relationship between disk and planet properties (, , and ) using the fitting of the azimuthally averaged gas surface density profile, and characterize those three parameters using a single parameter (for the depth- relation) or (for the width-’ relation). Then, we fit the azimutally averaged dust intensity profile for our grid of models and find their depth- and width- relations. Overall, our fitting follows and but extend those relationships to dust particles with different sizes.",我们尝试利用图中的尘埃强度剖面，寻找行星质量与间隙特性（如间隙宽度和深度）之间的关系。先前的工作（例如）研究了行星质量与气体间隙宽度和深度之间的关系。然而，毫米波观测探测的是尺寸高达毫米/厘米级的尘埃，而这些尘埃会在气体盘中发生漂移。因此，仅研究气体间隙剖面不足以解释毫米波观测结果，有必要开展一项类似的研究，但直接针对尘埃连续谱图进行。我们首先通过拟合方位角平均的气体面密度剖面，寻找盘性质与行星性质（、和）之间的关系，并使用单个参数（用于深度-关系）或（用于宽度-关系）来表征这三个参数。然后，我们对模型网格中的方位角平均尘埃强度剖面进行拟合，并确定其深度-和宽度-关系。总体而言，我们的拟合遵循和的方法，但将这些关系扩展到了不同尺寸的尘埃颗粒。,我们尝试利用图中的尘埃强度剖面，寻找行星质量与间隙特性（如间隙宽度和深度）之间的关系。先前的工作（例如）研究了气体间隙的宽度和深度与行星质量之间的关系。然而，毫米波观测探测的是尺寸高达毫米/厘米级的尘埃，这些尘埃会在气体盘中发生漂移。因此，仅研究气体间隙剖面不足以解释毫米波观测结果，有必要开展类似的研究，但直接针对尘埃连续谱图进行。我们首先通过拟合方位角平均的气体表面密度剖面，寻找盘性质与行星性质（、、和）之间的关系，并使用单个参数（用于深度-关系）或（用于宽度-’关系）来表征这三个参数。然后，我们对模型网格中的方位角平均尘埃强度剖面进行拟合，并确定其深度-和宽度-关系。总体而言，我们的拟合遵循和的方法，但将这些关系扩展到了不同尺寸的尘埃颗粒。
